,0,1,2,3,chunk
0,0.0,0.0,0.0,0.06799231485768788,0
0,0.13081580043673552,0.0,0.0,0.5150991974788031,1
0,-0.0,0.0,0.0,0.5915481400913182,2
0,0.126820185920714,-0.0,0.0,0.5145082539978154,3
0,0.07161875441159457,-0.0,0.0,0.39213815311523426,4
0,0.0,0.0,0.0,0.0,5
0,0.16544286795169266,0.0,0.0,0.0,6
0,0.0542722046272573,-0.0,0.0,0.33941583098539463,7
0,0.03895529692323374,0.0,0.0,0.0,8
0,0.2888503479915667,0.0,0.0,0.0,9
0,0.04658236991858591,-0.0,0.05262549272543726,0.5050583620084078,10
0,0.0,-0.0,0.0,1.0110024631464565,11
0,-0.0,-0.1494081058016713,0.0,0.945783824623361,12
0,0.17876460919410936,0.0,0.0,0.6319743100844728,13
0,0.0,0.0,-0.0,-0.0,14
0,0.04493599057202506,-0.0,0.7299790154926363,0.0,15
0,0.4151708887283999,0.0,0.0,0.0,16
0,0.17296241440300322,-0.0,0.00023871056453715793,0.0,17
0,0.0,-0.05517571069302418,0.0,0.0,18
0,-0.04422237562948353,0.0,0.5984402528706844,0.0,19
0,0.0,0.0,0.6669843775070137,0.0,20
0,-0.13034915630444233,0.0,0.0,1.2763075303281486,21
0,0.0,0.0,0.0,0.8947347998110756,22
0,-0.0,0.0,-0.15426240894835044,1.1462971704044347,23
0,0.06171957646498387,0.0,0.25121594621916044,0.0,24
0,0.040436598489591954,-0.0,0.0,0.5327893834633691,25
0,-0.0,-0.0,0.0,1.5067936008127585,26
0,0.0,-0.0,0.0,0.0,27
0,0.1479554742557768,-0.0,0.0,0.0,28
0,-0.13672477552941464,-0.10944042841152261,0.0,0.6126001668134534,29
0,0.13261489853999367,0.0,0.6128658797152754,0.0,30
0,0.4089078362027925,0.0,0.0,0.0,31
0,0.0,-0.1629055201270672,0.0,1.026692501094705,32
0,0.0,0.0,0.14169260819081655,0.20668966844397607,33
0,0.0,-0.0,-0.0,-0.0,34
0,0.0,-0.0,0.0,0.0,35
0,-0.0,0.0,0.0,1.0168213785549811,36
0,-0.16798370689194475,0.4690804366169427,-0.08373844696679121,0.38637939496145984,37
0,-0.0,0.0,0.0,1.0519448799160642,38
0,-0.0,0.0,0.0,0.6981604339573645,39
0,0.0,0.0,0.0,0.0,40
0,0.0,0.0,0.0,0.20396177064179638,41
0,0.1390793665762508,-0.0,0.0,0.0,42
0,0.06616335429093652,-0.0,0.0,0.0,43
0,0.07599697600955896,-0.0,0.018907617361668034,0.0,44
0,0.0,0.0,0.2564599706024503,0.0,45
0,0.0,-0.0,0.4609578879232186,0.0,46
0,0.3871281222960457,-0.0,0.339149245183438,0.0,47
0,0.0,0.0,0.3999530471178675,0.0,48
0,0.0,-0.0,0.0,0.0,49
0,0.04155310376322658,0.0,0.22380165324219195,0.0,50
0,0.0,0.0,0.44482109114813756,0.3427767095542383,51
0,0.14347486841758436,0.0,0.22774630695337217,0.0,52
0,0.0,-0.0,0.0,0.5869025349126451,53
0,0.521477720895041,0.0,0.0,0.0,54
0,-0.0,0.0,0.0,0.7614567848047916,55
0,0.05318675002498498,-0.0,0.3568798748171909,0.0,56
0,0.1310080816846104,-0.1811806711953068,0.0,0.0,57
0,0.0,0.0,0.0,0.0,58
0,0.23118175668997748,0.0,0.0,0.0,59
0,-0.0,-0.0,0.0,0.0,60
0,-0.0,-0.19844437468815823,0.0,0.7070503457365165,61
0,0.0,0.0,0.0,0.0,62
0,0.0,-0.0,0.0,0.0,63
0,-0.22387426534451763,-0.07264371195699477,0.0,0.0,64
0,-0.21370847637712137,0.0,0.0,0.9092661379623989,65
0,0.13736319782446738,-0.0,0.23137766700967893,0.0,66
0,-0.08732929314523542,-0.0,0.43051690819633903,0.0,67
0,0.037205616435145035,0.0,0.0,0.1703480907526322,68
0,0.0,0.0,0.0,0.6116592494980322,69
0,0.0,0.0,0.0,0.01359485495341742,70
0,-0.14903601289371166,-0.45220170904662776,0.0,0.5281742944444467,71
0,0.0,0.0,0.0,0.0,72
0,-0.14136769722820217,-0.39664925207179147,0.0,0.7865730720685836,73
0,0.2056783777691165,0.9149976568806053,-0.26102415945483304,-0.013410363991444902,74
0,0.15402286918320215,0.5751279045911832,-0.3399736520905068,0.6654679060769261,75
0,-0.261667864161448,-0.0,0.0,0.4589324178708086,76
0,0.013956357362625738,-0.45519377326203225,0.0,0.30619294129769314,77
0,0.0,-0.0,0.0,0.0,78
0,0.0,-0.0,-0.16847836199703292,-0.0,79
0,-0.0,-0.0,0.0,0.6355385198697823,80
0,0.15372993819522957,0.0,0.12289781479656954,0.0,81
0,0.0,-0.0,0.0,0.0,82
0,0.15789730517152625,-0.0,0.0,0.0,83
0,0.0,-0.1490878005147394,0.0,0.0,84
0,0.0,-0.0,0.0,0.0,85
0,0.15632614832973407,-0.0,0.0,0.0,86
0,0.0,0.03564945573400386,0.11053081405228937,0.0,87
0,-0.013219140087535143,0.0,0.0,0.8630581494458339,88
0,-0.10309476234433342,-0.0,0.0,0.7443703635168352,89
0,0.0,0.0,0.24067983008062008,0.0,90
0,0.1806810799739529,0.0,0.0,0.2489033254281721,91
0,-0.0,0.0,-0.08459202425052514,0.9920650264173723,92
0,0.0,-0.0,0.05596617661190949,0.0,93
0,0.0,0.0,0.0,0.7784399971288354,94
0,-0.0,0.0,-0.2077617012229755,0.6561893462741205,95
0,0.0,0.014659968983447291,-0.15696516337396524,0.9117734397941786,96
0,-0.0,0.0,-0.11810027392568738,1.05213465215521,97
0,-0.0,-0.0,0.005959910325079647,0.016354915595793693,98
0,0.0017326159735124888,0.0,0.0,0.0,99
0,0.4017855728977661,-0.0,0.2275115412806721,0.0,100
0,0.30763832262545937,-0.003700623065417649,0.0,0.32994179178771016,101
0,-0.14203366914730964,0.0,0.19435848845328021,0.529404020584577,102
0,0.0,-0.0,0.0,0.0,103
0,0.0,-0.0186981146929295,-0.0,0.0,104
0,-0.0,0.0,0.0,0.7507158884871176,105
0,0.15064962182300243,0.0,0.0,0.0,106
0,0.0,0.26884644400021823,0.0,1.0614621891100955,107
0,0.0,0.0,0.0,1.344492586825746,108
0,0.054198765781658484,0.03973816241098991,0.0,0.5030157917231339,109
0,-0.10577966041611772,-0.0,0.0,0.8472929707577505,110
0,-0.0,-0.0,0.0,0.7524626970313913,111
0,-0.0,0.0,0.0,0.0,112
0,0.19863217562170352,0.0,0.2226993641692999,0.02959277563355922,113
0,0.0,0.0,0.0,0.9048832591157273,114
0,-0.0,-0.3817738494132294,0.15879880237280813,0.5583980996767808,115
0,0.0,-0.0,0.0,0.0,116
0,0.0,0.0,0.0,0.0,117
0,0.358771068859992,0.0,0.0,0.0,118
0,0.0,-0.0,-0.0,-0.0,119
0,0.07163303484678751,0.0,0.0,0.0,120
0,0.0,0.0,0.0,0.0,121
0,-0.1314059970883656,0.0,0.0,0.0,122
0,0.0,-0.0,0.0,0.0,123
0,-0.09803146838436705,-0.0,0.0,0.8334182867876173,124
0,0.0,0.0,0.0,0.0,125
0,0.0,0.0,0.0,-0.0,126
0,0.0,-0.0,0.0,0.7205277133542152,127
0,-0.0,-0.0,0.0,1.180473066961096,128
0,-0.0013678119314613666,-0.23379597641833266,0.0,1.0440926799563053,129
0,0.21392560136266384,0.1199872678196928,0.0,0.0,130
0,0.048240342047813085,-0.0,0.0,-0.0,131
0,0.0,-0.0,0.09525051849887,0.0,132
0,-0.09189923286227597,-0.0,0.0,0.8824855463416038,133
0,-0.0,-0.06250438214666723,0.0,1.5777161887917683,134
0,-0.11553259661635998,-0.0,-0.0,0.9729561147144311,135
0,-0.008234775465996949,0.3093880536621143,0.0,0.6052128892809099,136
0,-0.0,-0.01989407583994576,0.0,0.9779106311729315,137
0,0.1972092462068889,-0.0,0.0,0.0,138
0,-0.06066132134403597,-0.0,0.0,0.7722780265887194,139
0,0.20562851160674378,-0.0,0.0,0.0,140
0,0.009262680138898085,-0.0,0.0,0.10552591782504703,141
0,0.06387279422748139,0.0,0.0,0.0,142
0,-0.11744295794338845,0.0,0.0,0.0,143
0,-0.0,-0.0,0.0,0.1438705841589388,144
0,0.0,-0.0,0.0,0.0,145
0,0.0,-0.0,0.0,0.0,146
0,0.0,-0.0,0.0,0.0,147
0,-0.0,-0.0,0.0,0.0,148
0,0.0,0.061528572774286104,0.0,0.6422739359892635,149
0,0.0398137637479238,-0.0,0.0,0.5959710639232112,150
0,0.17526092208590924,-0.0,0.0,0.3171792391738052,151
0,0.402692604812476,0.0,0.20057585932123914,0.0,152
0,0.018680968073679066,-0.0,0.0,0.0,153
0,0.022655694060447883,-0.0,0.0,0.0,154
0,0.18813600203309783,0.0,0.0,0.0,155
0,0.0,-0.0,0.0,0.0,156
0,0.015287082548284404,-0.0,0.5494415908443285,0.0,157
0,-0.02574696345084065,-0.0,0.0,1.4746440870762323,158
0,0.0,0.0,0.0,0.0,159
0,0.0,0.0,0.08197212988198557,0.0,160
0,0.0,0.0,0.14107506165482062,0.4722548832509981,161
0,0.0,0.0,0.03212032215452833,0.0,162
0,0.0,-0.0,0.0,0.3037114203208621,163
0,-0.0,-0.03975162054855638,0.0,0.898154909095207,164
0,0.01635293493868796,0.15561744237525263,0.18819538146638656,0.0,165
0,0.04992023499842714,-0.0,0.24451476913603365,0.32255072809251095,166
0,-0.27100233552220293,-0.0,0.0,0.859246217518417,167
0,-0.0,0.0,0.0,0.968475920177262,168
0,-0.0,-0.0,0.0,1.0961200460805038,169
0,-0.0,0.0,0.0,1.020115731061658,170
0,-0.2219380183938668,0.2815727517418188,0.0,0.8632234806785161,171
0,-0.0,0.053471716145721666,0.0,0.9920374570140602,172
0,-0.0457321869507932,-0.6219076238081991,0.0,0.5591734854789896,173
0,0.18380773145703835,-0.0,0.517016629322858,0.0,174
0,-0.04963396673189388,-0.06064943137585063,0.0,0.9422434064343884,175
0,-0.10650413843517749,-0.0,0.0,0.8203698366340892,176
0,0.2248428556141962,0.0,0.07859775135470783,0.49933675948451145,177
0,0.0,0.0,0.11904565910174138,0.4390706705070571,178
0,0.20410554305816336,-0.0,0.12914553038923657,0.0,179
0,0.12924627023085822,0.0,0.0,0.0,180
0,0.1264087357841628,0.0,0.0,0.4087950614780877,181
0,0.15405647258333574,0.03142662850260525,0.3047570671699149,0.0,182
0,0.10512231288522532,0.025440059290098536,0.0,0.5683037569469401,183
0,-0.08629548568595112,0.0,0.0,1.1535107683893564,184
0,0.0,0.1356177902634935,0.05942783494914341,0.0,185
0,0.03102685075387135,-0.08235640715634945,0.0,0.899012919268117,186
0,-0.0,-0.0,0.0,1.0322495982833442,187
0,0.23694923545879706,-0.0,0.0,0.0,188
0,-0.0,0.0,0.0,0.7577741754337417,189
0,-0.00712182423583691,0.0,-0.11778877407262435,1.2485856378520863,190
0,0.0,-0.0,0.0,0.5462406669695575,191
0,0.0,-0.11084459650260206,0.009902880438136235,0.4010919617678551,192
0,-0.0,-0.0,0.0,1.2048081326686095,193
0,0.2539875340682733,0.0,0.0,0.2519831554541902,194
0,0.053256164692987905,0.0,0.0,0.0,195
0,0.31445121129949993,-0.023836548346156148,0.0,0.1735787583565697,196
0,0.11447089934397488,-0.0,0.0,0.0,197
0,0.15535603866814354,0.15549410874198463,0.0,0.0,198
0,-0.06040001377760704,0.30487531472193335,-0.0,0.6067132055931828,199
0,0.0,-0.3854399055452076,0.20450285254927533,1.1954367626867668,200
0,-0.12485382897512512,-0.0,0.0,0.471547938321056,201
0,0.3738195039869991,-0.0,-0.10272092367305743,0.33956272950488803,202
0,-0.04856617370894557,-0.0,-0.017978632984384665,1.1369648516617157,203
0,-0.0,0.0,-0.0,1.053063021779649,204
0,-0.0,0.12246680643971707,0.5148134836355327,0.2046853745628999,205
0,-0.03747503875250611,-0.24689311093836971,0.0,0.0,206
0,0.14095047623851278,-0.2568799297285925,0.0,1.0907955528038409,207
0,0.0,-0.10371676767270556,0.0,0.5267927717632367,208
0,0.0,0.0,0.0,0.0,209
0,0.1527658864273941,-0.0,0.03985798348271675,0.0,210
0,0.0,0.028746324770307294,0.0,1.0745209389162038,211
0,0.0,0.0,0.0,0.15747524739530205,212
0,-0.04994036089151967,-0.08932516403110997,-0.0,0.0,213
0,0.0,-0.08163143617024696,0.0,0.739735032414747,214
0,0.22149248449781528,0.0,0.0,0.37495594787741515,215
0,0.10136628213866179,-0.0,-0.0,0.0,216
0,0.0,-0.0,0.0,0.0,217
0,0.3941699468789319,-0.0,0.0,0.0,218
0,0.0,0.0,-0.0,0.0,219
0,0.0,-0.0,0.0,0.0,220
0,0.0,-0.0,0.0,0.0,221
0,0.046044324703411146,0.2137516700933993,0.0,0.16927812642713405,222
0,0.00958881270402177,-0.0,0.0,0.29979542503535356,223
0,0.0,-0.1671755927317958,0.0,0.0,224
0,-0.0,0.0,0.0,1.0448812762086794,225
0,0.11794307345426548,0.0,0.0,0.5711669812693736,226
0,0.0,0.055846294547258264,0.0,0.0,227
0,0.05656564165883278,0.0,-0.0,-0.0,228
0,0.0,-0.0,0.0,0.0,229
0,0.2431934672668484,0.0,0.0,0.26630903533611994,230
0,0.05477882388858641,-0.0,-0.0,-0.0,231
0,0.48052214765700413,-0.0,0.0,0.0,232
0,0.10590408640528554,0.0,0.0,0.46712221012494176,233
0,-0.1964978047148444,0.036826359650274164,0.0,0.9815594322634952,234
0,0.2816549271619849,0.0,-0.0,0.0,235
0,0.0028078290809854466,-0.39259026759305393,0.0,0.2485010400410763,236
0,0.17643209799889353,0.25942907494905754,0.0,0.16182424502047738,237
0,0.0,0.40867362526580636,0.22776968150531823,0.0,238
0,0.04545750561703563,-0.0,0.0,1.109373495343253,239
0,-0.10074791436664349,0.0,0.0,0.7787293338548936,240
0,0.0,-0.22598112211532825,0.07198598299100605,0.0017300382854632064,241
0,-0.0,-0.0,0.8791755297539193,0.0,242
0,0.0,0.3081078003545832,0.0,1.3840300873717315,243
0,-0.0,0.0,0.0,0.6935202954401054,244
0,0.4502928655996639,0.06251192426619015,0.0,0.0,245
0,-0.04045166490320839,-0.0,0.20843815405729635,0.0,246
0,0.17402131474638308,-0.1226695766374051,0.0,0.0,247
0,0.0,-0.0,0.554559250012612,0.0,248
0,-0.0,-0.24669813999771592,0.0,0.07293425140029469,249
0,0.0,-0.49973566609598336,-0.10626261284750504,0.9450501247732747,250
0,-0.0,0.15484259137256304,-0.0,0.974861677941142,251
0,0.0,0.0,0.08701553092519847,0.1526561162507999,252
0,0.0045702439947077084,0.2942847123769202,0.0,1.3510030482036324,253
0,-0.0,0.0,0.0,1.1698236283578456,254
0,-0.003788405918731691,-0.0,0.0,0.8812323557732218,255
0,-0.03383602745265732,-0.3526871445900504,0.0,0.33541916695518137,256
0,0.026629598045661316,-0.1334708191337815,0.0,0.17308366254600593,257
0,0.21885986101400737,-0.0,0.0,0.0,258
0,0.21392519169065177,0.0,0.0,0.0,259
0,0.0,-0.0,0.0,0.0,260
0,0.0,0.011383468169558895,0.0,0.0,261
0,0.0,-0.0,0.0,0.0,262
0,0.022340523919430866,0.0,0.0,0.546749172188495,263
0,0.1796289623808367,-0.0,0.0,0.0,264
0,0.004188063608618287,-0.0,-0.0,-0.0,265
0,0.0,-0.0,0.0,0.0,266
0,0.0,0.0,0.0,0.0,267
0,-0.0,0.0,0.0,0.6597168644434233,268
0,0.0,-0.0,0.0,0.9126419485609985,269
0,0.43730463224999366,-0.10229456524847375,0.0,0.060299133906466476,270
0,0.1277468094528264,-0.0,0.21884766554841634,0.0,271
0,0.0,-0.0,0.0,0.0,272
0,0.034639709967068305,0.0,0.0,0.0,273
0,0.08584570442958657,-0.0,0.0,0.0,274
0,0.0,-0.0,0.0,0.0,275
0,0.461685523681328,-0.0,0.0,0.0,276
0,0.1580161109005984,-0.0,0.0,0.0,277
0,0.0960539828898678,-0.2936302332655799,0.0,0.0,278
0,0.0,0.10960808039826384,0.0,0.0,279
0,0.0,0.0,0.0,0.0,280
0,0.0,-0.0,-0.0,-0.0,281
0,0.17908720212177315,0.0,0.0,0.0,282
0,-0.12760047374016698,-0.0,0.0,0.7162282527536754,283
0,0.0,-0.0,-0.0903489006798108,1.1379348030339946,284
0,-0.2284720726486841,-0.12296435997416759,-0.13273132205869706,0.591257068277381,285
0,0.0,-0.0,0.6464186856784847,0.0,286
0,-0.0,-0.0,0.0,0.41909956545298266,287
0,0.0,-0.0,0.0,0.5515178955431663,288
0,0.0,0.0,0.2805154848283277,0.0,289
0,-0.27497045973505274,0.18957438537961258,0.0,0.23824315009983887,290
0,0.0,0.0,0.29993590985679447,0.0,291
0,0.01044901856786979,0.0,-0.1490858125868862,0.1604084331980561,292
0,-0.0,-0.0,-0.02210276454705607,1.2259036626810225,293
0,-0.0,0.13489091702115577,0.0,1.040263512994191,294
0,-0.15870420990674233,0.4447394595069843,0.20268663962415462,0.10167640394256128,295
0,-0.08739335599760556,-0.0,0.49853128310320377,0.5052639549643297,296
0,-0.0,0.09572146115504179,0.5011498182916422,0.7155219088931944,297
0,0.08326311303587568,0.0,0.4019916891415495,0.0,298
0,0.3595997721119629,0.0,0.0,0.4396426645595809,299
0,0.05346152300737074,0.0326178384647934,0.0,1.0647422103885946,300
0,0.0012626620023357222,0.20423404797949032,0.09237913240891166,0.4644651153474522,301
0,-0.14208642107759634,-0.11762928695389324,-0.0,0.5654685816823498,302
0,-0.0,-0.029212615269388387,0.29142024585991727,0.7137784694315618,303
0,0.0,-0.0,-0.0,0.0,304
0,0.11141680769873619,-0.0,0.20669812368763676,0.022561519536471127,305
0,0.0,-0.0,0.0,0.0,306
0,0.06712882033170525,-0.0,-0.0,0.0,307
0,0.13771775573960998,0.0,0.0,0.11856460286094678,308
0,0.0,-0.0,0.0,0.08754224262436945,309
0,0.13540881171539282,-0.0,0.2042580110898716,0.0,310
0,0.0,0.0,-0.0,0.0,311
0,0.24362342308090823,-0.0,0.0,0.26298790913437037,312
0,0.27029596104739023,0.0,-0.0,-0.0,313
0,0.0,0.0,0.0,0.0,314
0,-0.1431734615724024,0.0,0.0,0.5648839079562816,315
0,0.3952290468310367,-0.11735202481373197,0.0,0.0,316
0,0.028622779561471693,-0.1363211822772812,0.0,0.0,317
0,-0.16339658301794313,-0.0,0.0,0.7552443687244111,318
0,0.1950202012363998,0.0,0.072299842443956,0.0,319
0,0.0,0.0,0.0,0.0,320
0,0.08568226412657055,-0.0,0.2737032076102506,0.0,321
0,-0.06089606140372539,0.0,0.0,0.5584484232119984,322
0,0.08454706943563478,0.10193067818921472,0.5879348082871865,0.0,323
0,0.27640240051808596,0.01414531214164768,0.0,0.0,324
0,-0.038445462178499756,-0.0,0.0,0.7336896092903483,325
0,0.0,-0.0,-0.0,-0.0,326
0,-0.0,0.0,-0.005547021100573123,0.37182266254888735,327
0,-0.28624738703459734,-0.0,0.0,1.6068545347468877,328
0,0.0,0.0,-0.05715295888634906,1.2975937865267753,329
0,0.27317912003796746,-0.0,0.0,0.0,330
0,0.0,0.17052621832570064,-0.04925036235805357,1.126538066486873,331
0,-0.0,-0.0,0.0,1.2864045356110048,332
0,-0.13964041001322888,-0.0,0.0,0.6288181800992304,333
0,-0.03691512914610943,-0.0,-0.0,1.2571302034717928,334
0,-0.0,-0.0,-0.05271995809742792,1.1978443432998604,335
0,-0.014254396396180369,0.029175953781257834,0.0,0.9090003071976016,336
0,0.0,0.0,0.0,0.5520041211004453,337
0,0.14937914133568925,0.15565234258466973,0.1829000015751748,0.0,338
0,0.11329103882302931,0.0,-0.0,-0.0,339
0,0.0,-0.0,-0.0,-0.0,340
0,0.0,-0.0,0.0,0.0,341
0,0.071319868586014,0.0,0.0,0.0,342
0,0.0,-0.0,0.0,0.0,343
0,0.007323778533165865,-0.02481769674804605,0.0,0.13209796224422116,344
0,-0.0,0.20946381006694353,0.1937842838142444,0.0,345
0,0.0,0.07509644016003982,0.11581362562820817,0.0,346
0,-0.0,0.0,0.0,0.0,347
0,0.0,0.17297330972856295,0.0,0.0,348
0,0.16313168618968016,-0.0,0.0,0.29227069619841484,349
0,0.0,-0.1717726723753808,0.0,0.9050994528167792,350
0,0.0,0.0,0.0,0.0,351
0,-0.048994152884931697,0.0,0.0,0.8979998620328091,352
0,0.216211073495618,-0.0,0.0,0.43927047720024814,353
0,0.3284116766459019,-0.011419317173557424,0.0,0.0,354
0,0.0008615264580419779,-0.0,-0.0,-0.0,355
0,0.0,0.0,0.0,0.0,356
0,-0.023445085032304004,0.19329823332304036,0.23384599113272375,0.5409480617813313,357
0,0.0,0.0,0.0,0.0,358
0,0.0,0.001376727625324888,0.0,0.6643696578777242,359
0,-0.10646044864418187,0.0,0.7100595211929862,0.0,360
0,-0.0,-0.0,0.0,0.853010231124968,361
0,0.0,-0.18010657011576311,0.0124541040141411,0.603180099206087,362
0,0.22720098409072767,0.0,0.0,0.3979567094560474,363
0,0.07193294467637634,-0.0,0.0,1.2290678073756243,364
0,0.0,0.0,0.0,1.0034096372023884,365
0,0.0,-0.0,0.0,0.0,366
0,0.0,0.0,0.0,0.0,367
0,0.0,0.0,0.0,0.0,368
0,0.0,0.0,0.0,0.5415185227822044,369
0,0.0,0.0,0.2296061423215414,0.0068901576422941094,370
0,0.0,0.0,0.9029580599542534,0.0,371
0,0.3369359793200137,-0.13503495286983785,0.0,0.14601259052543783,372
0,0.06726507353451325,-0.0,0.5441938461483448,0.0,373
0,0.0,0.0,0.0,0.0,374
0,-0.0,-0.0,0.0,0.0,375
0,0.0,-0.0,0.0,0.0,376
0,-0.0,-0.0,-0.0,0.0,377
0,0.0,-0.0,0.0,0.0,378
0,0.0,-0.0,-0.0,-0.0,379
0,0.0,0.0,0.0,0.0,380
0,0.30528130608155535,-0.0,0.0,0.2130200936497541,381
0,0.0,-0.0,0.0,0.0,382
0,0.0,0.0,0.05090900522747041,0.48147564241570673,383
0,-0.0,-0.0,-0.04614292272521471,1.2868093817110895,384
0,-0.08981297261196106,-0.11613009759683983,0.0,0.7146322726379437,385
0,-0.05991011354711461,0.0,0.0,0.013241121369908682,386
0,-0.0,-0.0,0.0,0.028481174588032013,387
0,0.0,-0.0,0.0,0.0,388
0,0.0,-0.0,0.0,0.0,389
0,0.09331336297051991,-0.0,0.0,0.25644558559016506,390
0,0.29221183989478744,-0.22314005693015299,0.0,0.0,391
0,0.0,-0.06510462054486728,0.0,0.0,392
0,0.0,0.0,0.0,0.0,393
0,0.15913352731937827,-0.0,0.0,0.480446402303925,394
0,0.32010156633021675,0.0,0.0,0.2944460670794526,395
0,0.1804890331712365,-0.0639609037230024,0.0,0.0,396
0,0.0,0.0,0.0,0.006643699594951814,397
0,0.0,-0.0,0.0,0.0,398
0,0.0,-0.15116269191834877,0.0,0.0,399
0,0.0,-0.0,0.0,0.0,400
0,-0.22053480005573367,0.0,0.0,0.5247368616155754,401
0,0.2462732444577827,0.0,0.38267072819604153,0.0,402
0,0.29560375012745266,0.0,0.0,0.09398059161859436,403
0,0.3446927745228439,-0.0,0.0,0.0,404
0,0.0,0.0010082354211361974,-0.0,0.0,405
0,-0.0,0.0,0.0,0.9269417952567225,406
0,0.09884345015292716,-0.0,-0.0,0.0,407
0,0.0,-0.14236362021278207,0.0,0.0,408
0,-0.0,-0.0,0.0,0.9755333077703893,409
0,0.0,-0.0,0.4415281800255452,0.0,410
0,0.2659801557052916,0.0,0.0,0.0,411
0,-0.0,0.35775752266715566,0.0,0.7450738175254367,412
0,-0.0,-0.0,1.1096265955718596,0.3940275175202098,413
0,-0.0,0.08582222848152526,0.0,0.7932030648773694,414
0,0.1720370869613872,-0.0,0.32531696046121955,0.07606933122081388,415
0,-0.03251962676521024,-0.12163831166624325,0.0,0.7239822770536012,416
0,0.15813003712791254,-0.0,0.0,0.6414768698908894,417
0,0.03276520732678617,-0.046134747542957974,0.0,0.7923847805571954,418
0,0.19319148775995099,0.0,0.3232270680902662,0.0,419
0,0.16460459761617846,0.0,0.12321506289947484,-0.0,420
0,0.0,0.0,0.0,0.0,421
0,-0.0,-0.0,0.0,1.1371609629006687,422
0,0.04027319288982661,-0.0,0.0,0.0,423
0,-0.0,-0.0,0.5698989644618023,0.0,424
0,-0.0,-0.0,0.1161412779117514,0.8378717238455898,425
0,-0.20149969157860562,-0.0,0.0,0.34354921837026153,426
0,0.0,0.0,0.0,0.4734683062671409,427
0,0.0,-0.0,0.0,0.14140236488591254,428
0,0.19722385714505583,0.03615582183411215,0.0,0.0,429
0,-0.13360919922508896,0.0,0.0,0.540782975668867,430
0,0.04594509915548796,-0.1580087140126046,0.0,0.0,431
0,0.0,0.0,0.6414367182865536,0.0,432
0,0.0,0.0,0.010866886085570418,0.0,433
0,0.0,-0.0,0.0,0.0,434
0,-0.0,-0.0,0.0,0.7511427502251672,435
0,-0.0,-0.0,0.0,0.0,436
0,0.36736124074635207,-0.0,0.0,0.0,437
0,0.049270335148974186,-0.266283057012295,0.0,0.37766727734840666,438
0,0.35964485372588695,0.0071220022554193355,0.0,0.0,439
0,0.0,-0.0,0.0,0.0,440
0,0.0,0.0,-0.0,-0.0,441
0,0.17552530665234822,0.0,0.0,0.0,442
0,0.0,0.0,0.0,0.0,443
0,0.07213949079166435,0.0,0.29433781943422727,0.25013272577536416,444
0,0.025066095316919567,-0.0,-0.0,-0.0,445
0,0.3315966471239149,0.0,0.0,0.0804157972695666,446
0,-0.12445821762116342,0.0,0.0,0.49060581444635737,447
0,0.44934714583361873,-0.0,0.0,0.0,448
0,0.0,0.0,0.0,0.0,449
0,0.0,0.0,0.0,0.0,450
0,0.04376582942883813,0.0,0.0,0.0,451
0,0.05665339998692774,0.0,0.0,0.0,452
0,0.0,-0.0,0.38973850279776817,0.0,453
0,0.0,-0.0,0.7139725823695052,0.0,454
0,-0.033363525428022206,-0.0,0.0,0.9670305916104803,455
0,0.18361781153044607,-0.0,0.0,0.0,456
0,-0.0,-0.0,-0.0,-0.0,457
0,0.0980017859591203,0.0,0.0,0.0,458
0,0.016851939495694142,-0.0,0.0,0.11999349769697056,459
0,0.0,0.0,0.014575044891899334,0.0,460
0,0.3188807853610337,0.0,0.0,0.1107508654872506,461
0,0.5752013523893391,-0.0,0.0,0.0,462
0,-0.02525527637620302,-0.028367474744882486,0.0,0.7556692423928284,463
0,-0.0,-0.0,0.0,0.34163960376629354,464
0,-0.0,0.0,-0.08213895444314379,1.2038725143236175,465
0,0.14910265872739878,0.0,0.3128162116061475,0.040992910567395284,466
0,0.24061838716817055,-0.0,0.3218799908933137,0.0,467
0,-0.0,0.0,-0.07201527963716535,1.1081595306539016,468
0,0.34860752900258263,-0.0,0.05757388222068951,0.0,469
0,0.0,0.0,0.3701917122830319,0.0,470
0,0.0,0.0,0.0,0.8085441697703027,471
0,0.0,0.0,0.0,0.0,472
0,0.0,-0.0,0.0,0.12857480878458347,473
0,0.23879739334283823,-0.0,0.0,0.21739834270212788,474
0,0.06550439648934141,0.0,0.0,0.0,475
0,-0.0,0.0,0.0,0.0,476
0,0.0,0.0,-0.0,-0.0,477
0,0.0,0.0,0.0,0.0,478
0,0.0,-0.0,0.0,0.19924845669790398,479
0,-0.12180192532372675,-0.0,0.0,0.0,480
0,0.09998695324747119,0.0,0.0,0.0,481
0,0.0,0.0,0.0,0.0,482
0,0.11675609756284568,0.0,0.0,0.0,483
0,0.0,0.0,0.0,0.0,484
0,0.0,-0.0,0.0,0.0,485
0,0.1068839214780524,-0.2422169504682494,0.0,0.0,486
0,-0.0,-0.0,-0.0,-0.0,487
0,0.13487341159531252,-0.0,0.1439657514345436,0.4411101886754587,488
0,-0.08524695816821237,-0.0,0.0,0.45343657793503406,489
0,0.0,-0.16770615533847336,0.0,0.8525962830114693,490
0,0.03492925494919063,0.016575609821973432,0.0,0.6961203359880298,491
0,-0.0,0.0,0.0,0.0,492
0,0.14049218956229564,-0.0,0.0,0.03645443806455359,493
0,-0.0,0.0,0.4765389720317785,0.26369121104463467,494
0,0.0,0.0,0.0,1.1531832775142754,495
0,0.0,-0.4486733975280374,0.0,1.0782907324215592,496
0,0.09460060196164144,0.0,0.0,1.099300279507658,497
0,-0.013717501668504353,-0.0,0.0,0.9482766146751752,498
0,0.0,-0.0,0.0,0.15792207975995218,499
0,-0.0,0.0,0.0,0.19697072558143408,500
0,-0.0,-0.0,0.0,1.0068513904882608,501
0,0.2688167047566114,-0.0,0.0,0.0,502
0,0.13383154555792118,-0.08824804443637281,0.0,0.04217012604661589,503
0,0.0,0.0,0.026734818876544292,0.0,504
0,0.0,-0.0,0.0,0.0,505
0,0.0,0.0,0.25522366513874256,0.0,506
0,-0.0,-0.0,0.0,0.0,507
0,0.22033618529190058,-0.0,0.0,0.05764540530619257,508
0,0.19342037559427783,-0.0,0.3724593805814028,0.0,509
0,0.0,0.0,0.0,0.0,510
0,0.0,0.0,0.0,0.0,511
0,0.05627395542556315,-0.0,0.0,0.0,512
0,0.0,0.0,0.0,0.0,513
0,0.0,-0.0,0.0,0.0,514
0,0.0,0.0,0.0,0.0,515
0,0.0,0.0,0.0,0.0,516
0,0.03620971744357915,-0.08758138601698687,0.0,0.43204834390586194,517
0,-0.1904013290941966,-0.23872132470933088,0.0,0.0387730369318647,518
0,-0.0,-0.09568653247681728,0.28729627713351386,0.0,519
0,-0.0,0.0,0.0,0.0,520
0,0.18061286561705708,-0.0,0.0,0.25995081041611057,521
0,0.25230230431919715,-0.20116638586710217,0.0,0.0,522
0,0.20684389584545002,-0.0,0.4219809149929605,0.0,523
0,0.0,0.004693167274352855,-0.0,1.0709193363891567,524
0,0.01934402192839308,-0.0,0.5570787533087448,0.0,525
0,-0.3016401623433775,0.0,0.0,0.7259904808434169,526
0,-0.0,0.0,0.0,0.0,527
0,0.0,-0.0,0.0,1.006430330020844,528
0,0.012862856639167461,-0.0,-0.0,-0.0,529
0,0.0,0.0,0.30318262111264255,0.8250053821578512,530
0,0.0,0.0,0.0,0.3519915747596054,531
0,0.18316904560822045,-0.0,0.023825385089553414,0.0,532
0,0.1694083678288436,-0.0,-0.0,0.0,533
0,-0.08222551380669685,0.0,0.0,0.0,534
0,-0.14439425640746567,0.0,0.0,0.0,535
0,0.00981924174292571,-0.0,0.23727703886852824,0.0,536
0,0.16129909860490876,-0.0,0.0,0.0,537
0,0.1086531061407974,-0.0,0.0,0.0,538
0,0.12176851841773195,-0.0,0.0,0.0,539
0,0.12385937837670548,-0.12317716619014428,0.0,0.0,540
0,-0.0,-0.0,0.0,0.0,541
0,0.0,-0.0,-0.0,-0.0,542
0,0.0,-0.0,0.0,0.0,543
0,0.0,0.0,0.0,0.0,544
0,0.0,0.0,0.0,0.0,545
0,-0.0018703009177394737,-0.0,0.0,0.7657223126126729,546
0,0.18754383494064117,-0.021892685801144417,0.0,0.10989205849132885,547
0,0.10989038781569674,-0.2019273185063067,0.0,0.0,548
0,-0.0,0.0,0.02109394844389511,0.0,549
0,-0.1804585438370124,-0.0,0.0,0.4363400879568157,550
0,0.0,0.0,0.0,-0.0,551
0,0.01768931236838544,-0.0,0.0,0.0,552
0,0.21350648964323582,-0.0,-0.0,-0.0,553
0,0.25441264848035927,-0.0,0.0,0.0,554
0,0.0,0.0,0.0,0.0,555
0,0.0,-0.0799967905901269,0.0,0.9179739018120081,556
0,0.0,0.0,0.021222837952303893,0.0,557
0,0.0,-0.0,-0.0,-0.0,558
0,0.0,0.0,0.11196006210138264,0.747325544388564,559
0,0.06450700719585811,0.0,0.38459137025407925,0.40625391883991563,560
0,0.019994148855381016,0.0,0.0,0.7405418148418039,561
0,0.0,-0.0,0.0,0.7791980604639057,562
0,-0.04291220850662601,0.0,0.0888029504576439,0.9977602891171043,563
0,0.07681733443880416,0.0,0.39201386555413265,0.0,564
0,0.0,0.11756981938199468,0.0,0.0,565
0,0.11924610597693795,-0.0,0.574998279680314,0.0,566
0,0.1270962375694995,-0.0,-0.07133684489847676,-0.0,567
0,-0.0,-0.1560263465928036,0.12907119904114364,0.0,568
0,-0.09010926502221248,-0.1333592808531119,0.24484634404898425,0.2671721286614046,569
0,0.14939025863266595,-0.0,0.0,0.3621621160749612,570
0,0.11519493153740523,-0.0,0.0,0.0,571
0,-0.0,0.23843138507972472,0.8010884978986447,0.0,572
0,-0.0,0.0,0.0,0.8975217133450676,573
0,0.24076791994344307,0.04441361286459863,0.20364960656005182,0.048947249293263106,574
0,0.21013638517055833,-0.0,0.0,0.0,575
0,-0.0,0.0,-0.0,0.9482641894980186,576
0,-0.039091061752846934,-0.2400528103256468,0.18632784843620617,0.0,577
0,-0.21292591087001406,0.0,0.0,0.30144739227705997,578
0,0.0,-0.0,0.0,0.4860206280465874,579
0,0.0,0.0,-0.0,-0.0,580
0,0.0,-0.0,0.0,0.0,581
0,-0.0,-0.01737014882239609,0.0,0.588449214777287,582
0,-0.0,0.0,0.0,0.10908794696566025,583
0,0.3110769566247222,-0.0,0.0,0.25884428072082205,584
0,0.0,0.0,0.0,0.0,585
0,0.21432214665732283,-0.0,0.28016210284601767,0.0,586
0,0.18246384841182742,0.0,0.0,0.0,587
0,0.0,0.0,0.0,0.0,588
0,0.0,0.0,0.0,0.0,589
0,-0.0,-0.0,0.0,0.8904883744229312,590
0,0.25895966439676404,0.0,0.17031631153135277,0.2385656640436869,591
0,0.3973077196923925,-0.009944225975209447,0.0,0.0,592
0,0.517836012126473,0.0,0.0,0.0,593
0,0.0,0.0,-0.0,-0.0,594
0,0.0,-0.0,-0.0,-0.0,595
0,0.10204509354796658,0.0,-0.0,-0.0,596
0,0.19537382981513782,0.0,0.38425025360255916,0.0,597
0,-0.0,-0.0,0.0,0.8867707638104922,598
0,-0.0,0.0,0.0,0.6084324817114084,599
0,0.0,0.0,0.0,0.0,600
0,0.21141318122438832,-0.0,0.0,0.4296947310266623,601
0,0.0,0.0,0.0,0.0,602
0,0.05229715849859889,0.04924960767069183,-0.0,1.0847147565016682,603
0,-0.02078560710108631,0.0,0.0,0.485265753852705,604
0,-0.07311117982079504,0.0,0.0,0.8333115808167985,605
0,0.0,-0.0,-0.1299948411108019,1.2286444997561496,606
0,-0.06334094746472645,0.0,0.0,0.8817774093987324,607
0,0.0,0.00015316130979544726,-0.0,-0.0,608
0,0.08380886021196478,0.03351723149849639,0.0,0.0,609
0,0.0,-0.0,0.0,0.0,610
0,0.0,0.0,0.0,1.0694078232977002,611
0,0.0,-0.014711882660151273,0.0,0.2059990881983411,612
0,0.0,-0.5816020691153847,0.0,0.27712349596522706,613
0,-0.0,0.0,0.0,0.9571448372222783,614
0,-0.0,0.4026347552929607,-0.043328338648647394,1.2397720529885559,615
0,-0.05165642372489243,0.0,0.0,1.1990492586654142,616
0,-0.023164545143187006,0.0,0.0,1.461404951259376,617
0,-0.002413173147501581,-0.0,0.0,0.8853189586960288,618
0,0.0,-0.0,0.15740238692456424,0.5317686149844023,619
0,0.002963483867058148,0.0,0.6306108951091198,0.0,620
0,0.0,0.0,0.0,1.3189760143605884,621
0,-0.31529240567220973,0.0,0.0,0.7095268953261243,622
0,-0.0,-0.0,0.0,0.7004861740419415,623
0,-0.0,-0.0,0.13148205303643903,0.0,624
0,0.0,-0.0,0.0,0.0,625
0,0.0,0.0,0.0,0.0,626
0,0.0,-0.2300950700756681,0.0,0.0,627
0,0.0,-0.0,0.0,0.0,628
0,0.2439501434143241,0.0,0.0,0.36614415813983364,629
0,0.1631519173763663,-0.0,0.0,0.0,630
0,0.0,-0.0,0.0,0.0,631
0,0.0,0.07155283374559766,0.0,0.0,632
0,0.12505055197487852,-0.0,0.0,0.0,633
0,0.0,-0.0,0.0,0.0,634
0,-0.10768907384682716,0.0,0.0,0.006569475537006145,635
0,-0.009678954484075564,-0.0,0.0,1.2823206020239797,636
0,0.45365393344393484,-0.0,0.0,0.0,637
0,0.2049844093909338,-0.03707579233643636,0.0,0.17871350288049861,638
0,0.0,0.0,0.0,0.0,639
0,-0.0,-0.0,0.0,0.0,640
0,0.18544084116718826,0.0,0.0,0.3769733089173056,641
0,0.0,0.0,0.0,0.08258571564594691,642
0,0.0,-0.029801338183625705,-0.0,-0.0,643
0,-0.0,-0.0,0.0,0.0,644
0,-0.0,-0.08324152970027206,0.0,0.15482126949514713,645
0,-0.0013401034277802275,0.0,0.0,1.2215882895224042,646
0,0.18523665859564606,-0.00729438276233238,0.0,0.123874069026718,647
0,0.02417642531371849,-0.0,0.0,0.0,648
0,0.07459969989786089,0.034776316321464704,-0.0,0.0,649
0,-0.0,-0.016266318556640402,0.0,0.8698753935252831,650
0,-0.0,-0.13292972245042595,0.0,0.903136905459824,651
0,0.0982394592160636,0.0,0.4075264218583614,0.1348502910727553,652
0,0.0,-0.0,0.29307974563485123,0.0,653
0,0.1693673596735435,0.005738840372909225,0.12337885223563218,0.0,654
0,0.37019238026750667,-0.0,0.0,-0.0,655
0,0.1469225193071948,-0.0,0.0,-0.0,656
0,0.17672489599623492,0.0,0.22099011679329847,0.49872579180958015,657
0,0.0,-0.0,-0.0,1.139966223848972,658
0,-0.13460036585447438,0.0,0.0,0.36973882036737543,659
0,-0.10193178596515033,0.0,0.0,1.189344246199291,660
0,-0.09853356204289485,-0.0,0.5372890538040659,0.0,661
0,-0.0,-0.0,0.6196410489974781,0.0,662
0,-0.03489670234651827,-0.0,0.16176751438724596,0.5198071460645994,663
0,0.0,-0.0,0.0,0.0,664
0,0.0,0.0,0.0,0.0,665
0,0.0,-0.0,-0.0,0.0,666
0,0.0,-0.0,0.0,0.0,667
0,0.0,0.0,0.0,0.0,668
0,0.17990371129386357,-0.0,0.0,0.0,669
0,0.0,0.0,0.0,0.0,670
0,0.0,-0.017001581951404044,-0.0,0.0,671
0,0.0,0.0,-0.0,-0.0,672
0,0.047930471328861565,0.0,0.0,0.0,673
0,0.0,-0.0,0.04606993827685038,0.0,674
0,0.3044619780093623,-0.0,0.0,0.0,675
0,0.0,-0.0,0.0,0.0,676
0,0.0,0.0,0.10499514246689248,0.02679343177180103,677
0,0.0,-0.0,0.0,0.566669053301312,678
0,0.0,-0.0,0.0,0.9656580083255775,679
0,0.0709937849236614,0.0,0.0,0.6491731686467966,680
0,0.0,-0.09965711186980468,0.0,0.17016605631079182,681
0,0.0,0.0,0.0,0.6171739158500431,682
0,0.0,0.04027963961897278,0.0,0.6135151116290918,683
0,-0.0058389096271334985,-0.0,0.7440982258891461,0.0,684
0,0.0,0.0,0.0,0.4049928764370347,685
0,0.23342647747373835,0.0,-0.0,0.0,686
0,0.3108046217243951,-0.0,0.0,0.0,687
0,0.0,-0.0,0.0,0.0,688
0,-0.028783987616023153,-0.0,0.6911574296129579,0.0,689
0,-0.06429362887762058,-0.07314693231396095,0.0,1.0494062424386639,690
0,0.16781832056485305,0.0,0.32555445133976735,0.0,691
0,0.0,-0.0,0.0,0.0,692
0,-0.01574693379217839,-0.0,0.0,1.0095019393414493,693
0,-0.12048076511320437,-0.0,0.0,0.8003665843350806,694
0,0.0,0.0,-0.09003995739676302,1.2347422534494026,695
0,-0.01919148483369275,0.21204021419851402,0.0,0.7495132217280434,696
0,-0.0,0.0,0.33645506490770705,0.7693419724738386,697
0,-0.0789502429341003,0.0,0.0,0.8044323445927325,698
0,0.0,-0.147582413201244,0.17299936039554206,0.0,699
0,0.29573289337487296,0.0,0.0,0.5204408547687398,700
0,0.21977622261504617,0.2091810509077748,0.0,0.04086254199996018,701
0,0.0466099529092547,0.0,0.0,0.0,702
0,0.0,-0.0,-0.0,-0.0,703
0,0.29605283768511786,0.0,0.0,0.3630038078871877,704
0,-0.20112497150722156,-0.0,0.0,0.8772630508457709,705
0,-0.03146799655289384,-0.05844343781297468,0.47913932662507225,0.2097940187967588,706
0,0.0,0.0,-0.12393041216208896,0.8909387821331014,707
0,-0.10992285788874304,-0.0,0.0,0.9431763963519092,708
0,-0.015618403136442707,-0.0,0.8529536868681781,0.0,709
0,-0.20671443565952152,-0.1899235265428517,-0.10972882667075733,0.3166132766521335,710
0,0.0,0.0,0.0,0.0,711
0,0.000780830724989394,0.17232207326571866,0.0,0.0,712
0,0.0,-0.0,-0.0,-0.0,713
0,0.0,0.0,0.0,0.0,714
0,0.0,0.0,0.0,0.0,715
0,0.0,0.0,0.0,0.0,716
0,0.0,0.0,0.0,0.0,717
0,0.0,0.18471767339539485,0.0,0.5725550191088494,718
0,0.0,-0.0,0.0,0.0,719
0,0.18360161317087437,-0.0,-0.0,-0.0,720
0,0.0,-0.0,0.0,0.0,721
0,0.04806447966261604,-0.0,0.48900538870339444,0.0,722
0,0.0,-0.0,0.0,0.0,723
0,0.0,0.0,0.0,0.0,724
0,0.0,-0.19584442625885568,0.0,0.04112682647556377,725
0,0.17561607960728948,0.0,0.025299654359982958,0.3005855726569666,726
0,0.0,-0.0,0.0,0.10499214290688716,727
0,0.0,-0.0,0.0,0.0,728
0,0.0,-0.05148675137244551,0.0,0.0,729
0,0.0,-0.0,0.0,-0.0,730
0,-0.05235215003170852,-0.0,0.0,0.7058006061773231,731
0,0.0,-0.1879170734284215,-0.0,0.718018533887974,732
0,-0.19983527433136206,0.3529864879574884,0.5422299068115933,0.0,733
0,0.0,0.0,0.36396455018412477,0.21070347501307,734
0,0.028603598566234404,-0.0,0.5097809351453897,0.0,735
0,0.2755001984576606,-0.0,0.0,0.22421341340625592,736
0,0.0,-0.0,0.0,0.0,737
0,0.0,-0.0,0.4859507661363598,0.0,738
0,-0.023951610233624243,0.0,-0.037577832823189,1.0319388097141604,739
0,-0.0,-0.16864152934551294,0.0,1.1518585711586145,740
0,0.011091956154382507,-0.42735299057739345,-0.0,0.0,741
0,0.37838742536348935,0.0,0.0,0.0,742
0,0.0,-0.27141305535734356,-0.0,0.0,743
0,0.027938145381484158,-0.07872358610658331,0.0,1.1564502976621363,744
0,0.20188614218948128,-0.004825611299165336,0.14000625254159754,0.36383447982749867,745
0,-0.0,-0.19037765636271617,0.0,0.41074097084410116,746
0,0.34684889498709537,-0.0757036197463364,0.0,0.0,747
0,-0.07413447759289533,-0.0,0.0,1.022016199259556,748
0,-0.2128059834461985,0.04201533531530705,0.0,0.9112461017694365,749
0,-0.0,0.0,-0.04739066447012497,1.2847047245926322,750
0,0.0,0.0,-0.0,-0.0,751
0,0.06979378032341915,-0.0,0.0,0.09483523637068214,752
0,-0.2281954379967509,0.0,0.0,0.9543800655879017,753
0,0.0,-0.0,0.11793212088176488,0.0,754
0,0.0,0.0,-0.0,-0.0,755
0,0.07369097053530133,0.0,0.15837343290725425,0.12634097462999852,756
0,0.0,-0.0,0.07258601023764173,0.33308460698792514,757
0,0.01896168282786881,0.0,0.0,0.0,758
0,-0.0,-0.0,0.0,0.0,759
0,0.0,-0.0,0.0,0.07225189663007203,760
0,0.0,-0.0,-0.0,0.0,761
0,0.0,0.0,0.0,0.0,762
0,0.0,-0.0580393345814073,0.0,0.0,763
0,0.0,0.0,0.0,0.0,764
0,0.0,-0.0,-0.0,-0.0,765
0,0.0,-0.0,0.07081128018534935,0.0,766
0,0.0,0.0,0.07485928756456156,0.0,767
0,0.0,-0.1331926072374335,0.0,0.5539457964383643,768
0,0.0,-0.0,0.0,0.6834537308509477,769
0,0.14666380105348178,-0.0,0.0,0.0,770
0,-0.0,-0.0,0.0,0.0,771
0,0.0,-0.0,0.0,0.042125632624504715,772
0,-0.0,-0.0,0.0,0.9174515564314396,773
0,0.0,-0.0,0.0,0.6759907197712567,774
0,-0.14090145667514786,0.0,0.0,0.917318016430006,775
0,0.1315386573152346,0.0,0.0,0.0,776
0,-0.04262714848023703,0.710522944148682,0.1042499455657729,0.0,777
0,-0.0285842413424752,0.0,0.3381791638855657,0.21827675771280983,778
0,0.0,0.1034021755576587,0.0,0.0,779
0,0.08258573806552184,0.0,0.0,0.0,780
0,-0.0,-0.0,0.010963695796861652,0.9661743474846017,781
0,0.0,0.1077535764790688,-0.0,1.1348163672437377,782
0,0.0,0.0,0.0,0.0,783
0,0.005637903617067649,-0.0,0.0,0.8570134806752733,784
0,0.021003947101814333,0.0,0.09879167900363477,0.0,785
0,-0.0,-0.0,0.0,0.0,786
0,0.19555666891748047,-0.10975122632994794,0.0,0.0,787
0,0.10586529790503388,0.0,0.443272171946852,0.0,788
0,0.05354253196905216,0.0,0.0,0.0,789
0,0.0,-0.25958087448260286,-0.0,-0.0,790
0,0.0,0.0,0.25262334849619517,0.0,791
0,-0.0,-0.0,0.6953855177796494,0.0,792
0,0.12728127821686766,-0.2591247209425382,0.0,0.0,793
0,0.4776617391458131,-0.0,0.0,0.0,794
0,0.21470970794872377,-0.09237542275633671,0.0,0.3234033641141263,795
0,-0.10432592945586569,-0.0,0.0,0.7842952204641238,796
0,-0.19762885402212918,-0.0,0.6114512748380504,0.23325824150890181,797
0,0.0,-0.0,-0.0,-0.0,798
0,0.01739130320443785,-0.0,0.39805164870441656,0.0,799
0,0.09923182918699638,-0.09411098916875642,0.0,0.7369461313507891,800
0,-0.0,-0.22593165471112456,0.0,1.3265559048791682,801
0,0.0,-0.0,0.0,0.0,802
0,-0.0,-0.0,0.17360497706716008,0.6872591367719754,803
0,0.0,0.0,0.0,0.2505358984042183,804
0,0.01568410442700291,0.0,0.0,0.0,805
0,0.1428764479852269,-0.12539397394770965,0.0,0.23208400296455658,806
0,0.09690104996320015,0.0,0.04485367870083774,0.18193931744598565,807
0,0.016462257756086413,0.0,0.0,0.0,808
0,0.0,-0.0,0.0,0.0,809
0,0.0,0.0,0.0,0.7689181043434875,810
0,0.10379106859533682,0.37568870272627375,0.0,0.0,811
0,-0.0,0.0,0.0,0.0,812
0,-0.0,-0.0,0.0,0.0,813
0,-0.0,-0.0,-0.0,-0.0,814
0,0.33071898240678105,0.0,0.0,0.41563922538447573,815
0,-0.1366061039613035,-0.0,0.0,0.7322064983716174,816
0,-0.0,-0.28912316493355183,0.0,0.4746629195697693,817
0,-0.0,-0.13269398899627624,0.0,0.8974936484297588,818
0,-0.0,-0.11263857449539938,0.0,1.4117020050387559,819
0,0.0,-0.0,0.0,1.717204461726393,820
0,0.3608964892597576,-0.0,0.0,0.0708496889418056,821
0,0.0,-0.0,-0.0,-0.0,822
0,0.0,0.0,-0.0,-0.0,823
0,-0.3295956892841837,-0.0,-0.0,0.4702139924308139,824
0,0.0,-0.0,0.1302611639470329,0.988796198194982,825
0,0.2569275844201206,-0.0,0.0,0.0,826
0,0.11861728674525174,-0.2239687368128602,0.0,0.0,827
0,0.045123381679601206,-0.0,0.009423650072808092,0.0,828
0,-0.09143363446201154,-0.0,0.10656960066024962,0.2325405008191756,829
0,-0.0,-0.0,0.0,0.8221350035493017,830
0,-0.019637022077703646,-0.0,0.0,1.1507527542802078,831
0,0.06714440979330248,-0.058138473125922296,-0.0,-0.0,832
0,-0.2536433243282063,-0.3333731921031141,-0.0,0.0,833
0,0.17368750177983766,-0.0,0.001665579150830963,0.0,834
0,0.09950640010364135,0.0,0.4849029192224698,0.0660022317905422,835
0,0.12433554595019679,0.15047772355836667,0.0,0.22482355496520973,836
0,-0.05761827309824179,0.0,0.0,0.6283607777516093,837
0,-0.12400606798162374,0.0,0.0,0.7918408175269629,838
0,0.011162383485592281,0.07026839415139018,0.3022889145725697,0.2866179316901501,839
0,-0.0,-0.2628925949017972,0.0,1.2414725426098454,840
0,0.06013594690183546,-0.12123842890849257,0.0,0.0,841
0,-0.0,0.0,0.0,0.6455824189511655,842
0,-0.0,-0.0,0.0,0.0,843
0,0.0,-0.0,-0.0,-0.0,844
0,0.0,0.04775602991063686,0.0,0.0,845
0,0.121768163293666,0.0,0.0,0.2695969527263846,846
0,-0.0,-0.0,0.0,0.6592635223174405,847
0,0.0,-0.28315344249245894,0.0,0.0880418344258434,848
0,0.08431715967374996,0.0,0.0,0.3260128239044964,849
0,0.3033737363983992,-0.0,-0.0,0.0,850
0,0.0,-0.0,0.0,0.0,851
0,0.0,0.0,0.0,0.0,852
0,0.0,0.0,-0.0,0.0,853
0,0.0,-0.0,0.011900938293179819,0.1960131896112141,854
0,0.16626123258984943,-0.0,0.0,0.28252195756721016,855
0,-0.14699913472031859,-0.0,0.0,0.0,856
0,-0.08800689470030573,-0.0,0.0,0.7964916548363714,857
0,0.0,-0.17126946059128606,-0.0,-0.0,858
0,0.0,0.0,-0.0,-0.0,859
0,0.13359675523938552,-0.0,-0.0,-0.0,860
0,-0.0,0.0,0.0,0.0,861
0,-0.2287677831400838,-0.0,0.0,0.3595135729701805,862
0,-0.11230045239015964,0.0,0.0,0.20787180375442954,863
0,0.4218981355400212,-0.0,0.0,0.0,864
0,0.0,0.0,0.32370301401423174,0.0,865
0,0.0,-0.0,0.0,0.0,866
0,0.5286234104552118,0.0,0.0,0.0,867
0,0.0,0.0,0.0,0.0,868
0,0.0,-0.0,0.0,0.0,869
0,0.0,-0.0,0.0,0.0,870
0,0.0,-0.0,0.0,0.0,871
0,0.0,-0.0,0.4300754909980073,0.0,872
0,0.17825739839741156,0.09335683246899981,0.0,0.0,873
0,0.11392869276329803,-0.07032224894027508,-0.0,-0.0,874
0,0.0,0.0,-0.0,-0.0,875
0,0.0,0.0,0.0,0.0,876
0,0.2879502176801246,-0.0,0.31137612465293585,0.0,877
0,0.0,0.23193648487204668,0.0,0.0,878
0,0.0,0.06613680706906351,-0.0,-0.0,879
0,-0.20227364960205643,-0.0,0.0,0.3645091665038235,880
0,-0.048872222022867486,0.0,0.09655921363744935,0.5416037387099748,881
0,0.2572391559211423,0.0,0.0,0.49732492000575096,882
0,0.10641351112886192,0.07263171450521591,0.23032525409362,0.25729785212984757,883
0,0.01055412055338624,0.0,-0.0,-0.0,884
0,-0.038209400868236404,0.0,0.0,0.7680006688671132,885
0,0.12290133696610539,-0.024139764290788675,0.0,0.0,886
0,-0.006597389392788448,-0.0,0.0,1.0735488992359603,887
0,-0.16665674382053994,0.0,0.0,0.1617394304932555,888
0,-0.014965269722165811,0.0,0.0,1.019945916707911,889
0,0.0,-0.0,0.0,0.21841421886182705,890
0,-0.0,-0.0,-0.054656320933122435,1.1545746664396541,891
0,0.13020597408588847,-0.0,0.24394323073762458,0.0,892
0,-0.0,0.0,0.3348998573713548,0.0,893
0,0.21160025479574898,0.0,0.0,0.11749082744171058,894
0,0.23015801289306193,-0.20713203789601561,0.0,0.15640121241754895,895
0,0.0,-0.0,0.17736597590703562,0.0,896
0,0.07782856378993272,0.0,0.2498842968009903,0.0,897
0,0.0,0.0,0.04152035119540191,0.0,898
0,0.14036503454308102,-0.0,0.0,0.0,899
0,0.0,-0.0,0.0,1.2612749191213475,900
0,0.145743129170555,0.0,0.0,0.9074267412122413,901
0,-0.0,0.0,0.17671596170721143,0.7905821667769255,902
0,-0.0,0.0,0.0,0.0,903
0,-0.0,0.0,0.0,0.0,904
0,-0.0,0.0,0.0,0.0,905
0,0.0,0.0,-0.0,0.0,906
0,0.026240962919634046,0.0,0.33092978608160356,0.0,907
0,0.0,-0.0,0.0,0.0,908
0,0.03060387910228158,-0.0,-0.0,0.0,909
0,0.0,-0.0,0.0,0.0,910
0,-0.0,0.0,0.0,0.7541242593487286,911
0,0.3083081484666137,0.0,0.10071766589276283,0.0,912
0,0.3003330019498106,-0.0,0.0,0.3142529131889122,913
0,0.0,0.0,0.0,0.0,914
0,0.0,0.0,0.0,0.012236348494817457,915
0,-0.0,0.0,-0.0,-0.0,916
0,0.0,-0.0,0.004900760300212683,0.3985334578736435,917
0,0.39423932546618085,-0.0,0.0,0.0,918
0,0.0,0.0,-0.0,0.0,919
0,0.0,0.0,0.0,0.0,920
0,0.17952326278455072,-0.0,0.0,0.0,921
0,-0.03632123640760501,-0.0,0.6340760566292791,0.0,922
0,0.0,0.0,-0.0,-0.0,923
0,0.36517916389811533,0.011582642893167695,0.0,0.0,924
0,-0.09370609716361047,0.0,0.7107687561356719,0.0,925
0,0.14122713618110114,-0.0,-0.0,0.0,926
0,0.30854957918102766,-0.04743828390222014,0.0,0.007283194082231882,927
0,0.3269312206125911,0.0,0.0,0.330735835743175,928
0,-0.0,0.0,0.5567826839240938,0.6319227915667998,929
0,0.0827265034826176,0.0,0.6741955353838409,0.0,930
0,0.0,0.0,0.0,1.1680882669060064,931
0,-0.0,0.15195729711385106,1.2568938281919675,0.0,932
0,-0.0,-0.0,0.0,0.0,933
0,-0.08401192334205176,-0.0,0.5496599328693756,0.0,934
0,0.20409120381526458,-0.0,0.0,0.0,935
0,-0.0819952399962378,0.0,0.0,0.422462637072619,936
0,-0.06555650043340924,-0.0,0.0,0.6605317299388844,937
0,0.0,-0.0,-0.0,-0.0,938
0,-0.0,0.0,-0.31463113511644714,0.2714586772976624,939
0,-0.0,0.2862412936960826,-0.0,0.8980332756651287,940
0,0.0539726346534175,0.0,-0.02534944978469485,1.3934331608697954,941
0,-0.0,0.0,0.0,0.8940345399145342,942
0,0.4632666619271169,-0.0,0.0,0.0,943
0,-0.0,-0.0,0.0,0.0,944
0,0.0,-0.0,0.37376764581520006,0.3888020864323151,945
0,0.0,0.0,0.0,0.0,946
0,-0.0,0.0,-0.12137799153808856,1.1550142046636807,947
0,0.0,-0.0,-0.0,-0.0,948
0,0.07174972415851179,-0.0,0.0,0.0,949
0,0.15666213848266988,0.0,0.0,0.0,950
0,0.05856480102209475,0.0,0.0,0.0,951
0,-0.0,-0.0,0.0,0.0,952
0,0.22183130394002104,0.03393281522715917,-0.0,-0.0,953
0,0.0,-0.0,0.0,0.0,954
0,0.0,-0.0,0.0,0.5793896331098054,955
0,0.3165019779930425,-0.0,0.0,0.0,956
0,0.0,-0.0,-0.0,-0.0,957
0,0.053052746733707364,-0.0,0.6062319556486337,0.0,958
0,0.2353683697609167,-0.0,0.0,0.0,959
0,0.1891912757646338,0.0,0.09053760758890216,0.0,960
0,0.10534234119453798,-0.0,0.0,0.0,961
0,0.06392146264752677,-0.0,0.0,0.42124150546452266,962
0,0.16151271785075905,0.0,0.17474609841054345,0.3153789268633248,963
0,-0.018046467339019708,-0.3486068827294096,0.09653285346877574,0.49551446392819165,964
0,0.3857174959539059,-0.0,0.0,0.0,965
0,-0.0,0.0,0.0,0.0,966
0,0.0,-0.0,0.1439023057627703,0.0,967
0,0.31459823081295324,0.0,0.0,0.0,968
0,0.32055101236671124,-0.0,0.0,0.0,969
0,0.13309856128840244,-0.0,0.0,0.0,970
0,0.0,0.33859225008164123,0.0,0.5363931575331663,971
0,0.0,0.19115704014144008,0.20512839400568472,0.0,972
0,0.17641636780581846,-0.0,-0.0,-0.0,973
0,-0.05709601776431919,0.0,-0.12130316984546878,0.9865220578147376,974
0,-0.13252018869278706,-0.848577169346067,0.0,0.20915786963376465,975
0,-0.15748762212491388,-0.0,0.0,0.7643862421481793,976
0,0.36449268191478096,-0.0,0.0,0.0,977
0,0.23439501852891076,0.0,0.0,0.0,978
0,0.11023558651710125,0.159828783182464,0.0690448260271878,0.0,979
0,0.2544397672962304,0.059971083043540076,0.0,0.2964954029590812,980
0,0.0,0.0,0.22303077597362594,0.0,981
0,0.0,-0.0,0.0,0.0,982
0,0.2227666939122837,-0.0,0.0,0.20502881373304127,983
0,-0.0,0.0,0.0,0.0,984
0,-0.0,-0.059719619410178615,0.00986646138547845,0.8077408980656441,985
0,-0.21520989025954504,-0.0,0.0,0.0,986
0,0.10309359686424939,-0.0,-0.0,-0.0,987
0,-0.0,0.33341523219813834,0.0,0.8104819912502343,988
0,0.0,-0.0,0.0,0.0,989
0,-0.05584015159856012,-0.0,0.0,0.3945100413443447,990
0,0.0135282649576823,0.0,0.0,0.6955112116229681,991
0,0.006624261968677696,-0.0,0.0,1.1129556464833066,992
0,0.0,-0.0,-0.0,-0.0,993
0,0.004645503109037827,-0.04106928213964142,0.0,0.0,994
0,0.0,0.0,0.0,1.0805938113470013,995
0,0.27012011378592743,0.02790033953200381,0.4730870089442648,0.0,996
0,-0.0,-0.0,0.0,0.0,997
0,0.0,-0.0,0.0,0.0,998
0,0.0,0.0,0.0,0.5884327382510868,999
0,0.02498897917939384,0.0,-0.0,-0.0,1000
0,0.2836737554963328,0.0,0.0,0.49831063787343566,1001
0,-0.012061929783189096,-0.04969336968002775,0.0,0.7761855616869202,1002
0,-0.0009901714897260665,-0.10871278507539824,0.07799098601853725,0.5536149848523989,1003
0,0.17253496972309748,-0.0,0.0,0.0,1004
0,0.19972704820269713,0.0,-0.0,-0.0,1005
0,0.4591972566222774,-0.0,-0.0,0.0,1006
0,0.0,-0.0,0.2526437980724627,0.0,1007
0,0.0,0.2109951753767483,0.683261607713186,0.0,1008
0,0.1484452288485384,-0.01977412259680662,0.0,0.0,1009
0,0.0,0.0,0.0,0.0,1010
0,0.0,-0.0,-0.0,-0.0,1011
0,0.1938161934597411,0.0,0.0,-0.0,1012
0,0.0,-0.0,0.0,0.0,1013
0,0.33752510919920736,-0.0,0.0,0.0,1014
0,0.0,-0.3299606583137103,0.0,-0.0,1015
0,0.0,-0.20297650678474327,0.0,0.1194354572735995,1016
0,0.0,-0.0,-0.0,-0.0,1017
0,0.31882196885352687,0.0,0.0,0.0,1018
0,-0.015520671370450862,-0.0,0.0,0.9807128733389789,1019
0,0.0,0.0,0.0,0.15992062690754014,1020
0,-0.10583833428130021,0.0,0.0,0.5240058479526777,1021
0,0.0,-0.0,0.0,0.0,1022
0,0.0,0.0,-0.0,-0.0,1023
0,0.1778762007677022,-0.0,0.0,0.0,1024
0,0.09927076649870968,0.15608564820828322,0.0,0.0,1025
0,0.2996278186157329,-0.0,0.0,0.0,1026
0,0.0,0.0,0.0,0.3371965031593706,1027
0,0.0,-0.0,0.0,0.0,1028
0,0.0,0.0,0.0,0.0,1029
0,0.048715424423886246,-0.0,0.0,0.0,1030
0,-0.0,-0.0,0.0,0.0,1031
0,0.0,-0.0,0.0,-0.0,1032
0,0.0,0.1638662974673737,0.0,0.006764543533292071,1033
0,0.11856534011274902,0.0,0.0,0.22000364309064024,1034
0,-0.0,-0.0,0.1717050246343102,0.7777662869701207,1035
0,0.027425677569143037,-0.01878587060040724,0.4908184217138044,0.0,1036
0,-0.0,0.0,-0.0,-0.0,1037
0,0.0,-0.0,0.0,0.0,1038
0,0.2793596739965453,-0.0,0.04136302210001726,0.4947127801109829,1039
0,0.0,-0.0,0.0,0.4516719153965367,1040
0,-0.0,-0.0,0.0,0.9242752998393688,1041
0,-0.13150655570169154,-0.0,0.7810948308570924,0.1681339201907899,1042
0,0.30650804155536654,-0.21597406658972565,0.0,0.0,1043
0,0.17496215302687515,0.0,0.19836313261781457,0.0,1044
0,0.09879327164877921,0.0,0.0,0.0,1045
0,0.0,0.0,0.0,0.0,1046
0,-0.0,-0.0,0.1592210291337925,0.717857287706441,1047
0,-0.0,0.20898401037908831,0.0,1.0409537790806442,1048
0,-0.0,0.0,0.09485615787099706,0.693071007460448,1049
0,0.16719502180801685,0.0,0.0,0.38305444640252256,1050
0,-0.06733145574359228,0.0,0.0,0.6912576305917003,1051
0,-0.0,-0.08012578472302405,0.0,0.8384955609638047,1052
0,-0.19376360201108545,0.0,0.0,0.5427594043692896,1053
0,-0.0,0.0,0.6292910256288029,0.22516298118156872,1054
0,0.0,0.0,0.014473914874707432,0.0,1055
0,-0.0,0.0,-0.058512741647941055,1.1034411274702198,1056
0,-0.0,-0.2243855902988643,0.3955030332937009,0.13590584936315578,1057
0,0.0,-0.006133485898228163,0.0,1.1190070775451595,1058
0,-0.0,-0.0,0.0,0.5108598667399796,1059
0,-0.11725258461369642,-0.0,0.0,0.7980366922792687,1060
